{
  "Total" : {
    "transaction" : "Total",
    "sampleCount" : 60000,
    "errorCount" : 0,
    "errorPct" : 0.0,
    "meanResTime" : 1.2652833333333278,
    "medianResTime" : 0.0,
    "minResTime" : 0.0,
    "maxResTime" : 338.0,
    "pct1ResTime" : 1.0,
    "pct2ResTime" : 1.0,
    "pct3ResTime" : 2.0,
    "throughput" : 3037.51328912064,
    "receivedKBytesPerSec" : 439.01559256821747,
    "sentKBytesPerSec" : 379.68916114008
  },
  "HTTP Request" : {
    "transaction" : "HTTP Request",
    "sampleCount" : 60000,
    "errorCount" : 0,
    "errorPct" : 0.0,
    "meanResTime" : 1.2652833333333278,
    "medianResTime" : 0.0,
    "minResTime" : 0.0,
    "maxResTime" : 338.0,
    "pct1ResTime" : 1.0,
    "pct2ResTime" : 1.0,
    "pct3ResTime" : 2.0,
    "throughput" : 3037.51328912064,
    "receivedKBytesPerSec" : 439.01559256821747,
    "sentKBytesPerSec" : 379.68916114008
  }
}